Matches,Runs,Average,SR,30I's,Wickets,Catches,H/A,Opponent,FantasyPoint
8,365,45.625,115.6905335,6,16,15,1,1,109.625
18,846,47,98.00283699,7,22,17,1,0,91
2,48,24,78.70602607,1,4,3,1,7,64
5,144,28.8,131.5969435,1,6,4,0,2,62.8
15,625,41.66666667,115.3493713,2,9,13,1,3,75.16666667
10,315,31.5,133.5565147,9,16,2,1,3,82.5
1,40,40,97.75587477,1,1,1,0,4,63
18,571,31.72222222,130.8118044,1,24,7,1,6,68.72222222
12,261,21.75,110.6665789,7,8,22,0,0,55.75
19,503,26.47368421,134.9196602,17,31,16,0,7,128.4736842
5,116,23.2,87.73550425,4,7,10,0,4,65.2
14,642,45.85714286,96.86666756,6,27,0,0,3,70.85714286
16,497,31.0625,118.1754319,7,16,19,1,2,77.0625
7,163,23.28571429,138.5153098,7,0,6,1,5,51.78571429
19,747,39.31578947,131.9881298,16,24,26,0,2,74.31578947
7,264,37.71428571,88.36026682,3,13,14,0,2,84.71428571
18,531,29.5,127.8710808,1,34,23,1,5,82.5
2,78,39,87.66842233,2,0,2,0,7,57
17,436,25.64705882,89.27497787,15,27,15,0,4,93.64705882
20,955,47.75,91.07529198,3,12,32,0,5,69.75
12,244,20.33333333,87.53353362,1,0,4,0,6,26.33333333
18,579,32.16666667,76.94079717,16,12,4,0,3,72.16666667
2,91,45.5,139.2116636,1,1,4,1,1,83.5
2,93,46.5,95.41027178,1,2,4,0,4,77.5
8,304,38,127.1704667,8,16,13,0,6,108
8,194,24.25,138.5042895,8,10,6,0,1,61.25
15,431,28.73333333,120.1354939,15,24,16,1,7,117.2333333
13,598,46,94.20953997,10,14,7,1,3,77.5
14,406,29,107.9987377,1,9,3,0,0,49
1,44,44,129.5740209,1,0,2,0,2,74
1,46,46,108.7697417,1,1,2,1,2,87.5
3,137,45.66666667,119.7805661,2,6,5,0,7,91.66666667
6,180,30,121.7646083,5,12,8,1,7,96
11,480,43.63636364,91.42094302,9,15,9,0,2,64.63636364
8,340,42.5,104.5518339,5,11,13,0,4,96.5
8,271,33.875,102.1276241,3,9,12,0,4,78.875
20,943,47.15,103.1745018,9,24,11,1,7,111.15
15,329,21.93333333,102.5229886,9,19,12,1,6,95.43333333
15,674,44.93333333,84.97483524,1,12,13,1,3,70.43333333
4,183,45.75,76.01498477,1,8,0,1,3,68.75
9,281,31.22222222,92.04861778,3,8,16,0,3,59.22222222
8,178,22.25,123.3234345,4,12,3,1,7,58.25
2,73,36.5,123.8115857,1,4,1,1,4,72.5
4,105,26.25,78.76885928,2,1,6,0,3,43.25
20,797,39.85,110.1333437,20,10,33,0,3,90.85
9,373,41.44444444,75.59768623,2,16,9,1,5,74.94444444
5,163,32.6,94.7781695,4,8,2,0,4,60.6
10,229,22.9,89.73335386,5,5,11,1,1,63.9
14,511,36.5,130.7522878,8,22,4,0,6,79.5
4,186,46.5,140.2612498,4,1,6,0,4,89.5
7,188,26.85714286,99.44870763,4,13,10,0,5,58.85714286
9,235,26.11111111,78.60224403,4,16,14,1,7,78.61111111
16,656,41,76.23305808,11,11,15,0,7,67
8,215,26.875,136.2732634,2,2,1,1,2,51.875
8,163,20.375,137.6277894,6,5,15,1,4,64.375
2,76,38,135.1268702,2,3,1,1,3,69
10,288,28.8,116.2645164,7,2,19,1,4,85.8
14,424,30.28571429,109.6109587,8,12,4,1,7,89.28571429
19,432,22.73684211,105.3038087,10,6,3,1,3,76.23684211
2,80,40,103.2022447,2,0,4,1,4,77
13,347,26.69230769,123.0963185,5,4,14,0,6,49.69230769
15,397,26.46666667,90.83840459,5,20,6,0,1,63.46666667
4,177,44.25,133.9235872,1,4,0,1,7,70.25
14,567,40.5,102.9232841,5,9,19,1,0,86.5
17,384,22.58823529,130.8890531,5,18,9,0,3,67.58823529
12,264,22,117.8663085,5,10,10,0,2,68
3,82,27.33333333,88.53084345,1,1,6,0,4,53.33333333
6,276,46,95.32386497,5,12,2,0,5,89
3,87,29,89.94397647,3,6,4,0,6,74
5,126,25.2,109.676847,2,1,2,0,4,41.2
15,344,22.93333333,129.8249479,12,5,27,0,6,89.93333333
13,553,42.53846154,138.749311,3,14,18,1,7,94.03846154
1,20,20,136.3044661,1,1,0,0,0,43
18,585,32.5,105.9716845,7,32,34,1,3,114.5
14,309,22.07142857,135.5894781,2,22,28,1,6,80.07142857
13,281,21.61538462,135.6153429,7,19,10,1,2,73.11538462
13,445,34.23076923,92.17647599,1,26,24,0,6,74.23076923
14,344,24.57142857,137.2780399,12,17,4,1,0,79.57142857
14,600,42.85714286,132.3313751,1,6,26,0,1,74.85714286
7,150,21.42857143,96.10361007,4,1,8,0,4,41.42857143
9,209,23.22222222,93.98318115,5,6,8,0,5,37.22222222
16,529,33.0625,134.838264,11,8,4,0,0,50.0625
5,137,27.4,122.1305755,4,3,5,0,0,61.4
10,260,26,91.99069433,4,13,9,1,5,57
9,237,26.33333333,131.3317685,5,16,5,0,1,68.33333333
15,457,30.46666667,120.4817963,1,8,17,1,7,66.96666667
20,654,32.7,139.5011093,2,24,35,0,3,73.7
17,699,41.11764706,130.5556004,16,5,26,1,4,108.6176471
4,132,33,112.1914715,4,2,3,1,1,65
1,21,21,116.5414465,1,1,1,1,7,53.5
19,705,37.10526316,94.74122125,4,7,36,1,6,67.60526316
12,256,21.33333333,140.1305994,8,24,21,1,2,74.33333333
5,162,32.4,121.5528829,5,3,4,0,1,61.4
14,594,42.42857143,113.4381634,5,24,27,0,6,98.42857143
2,47,23.5,95.11961454,1,2,1,0,7,41.5
8,363,45.375,114.8421685,3,11,13,1,3,94.375
13,458,35.23076923,93.27731864,3,25,19,1,3,86.73076923
3,139,46.33333333,112.5385437,1,3,1,1,3,71.83333333
13,446,34.30769231,132.1365287,13,25,13,1,4,105.8076923
17,669,39.35294118,106.6560454,1,31,25,0,0,81.35294118
7,247,35.28571429,131.0854763,1,2,6,0,5,57.28571429
3,72,24,124.9906811,3,2,5,0,4,56
15,701,46.73333333,107.0320557,4,8,0,0,6,61.73333333
6,235,39.16666667,127.9187947,3,5,2,0,2,63.16666667
14,289,20.64285714,115.6770355,9,4,24,1,2,92.64285714
1,20,20,139.7945025,1,0,2,0,6,52
11,398,36.18181818,101.5661606,2,1,2,1,4,58.68181818
9,248,27.55555556,134.5398944,8,6,11,0,6,79.55555556
12,246,20.5,111.5706238,3,19,14,0,2,65.5
14,353,25.21428571,133.2060761,14,3,15,0,4,47.21428571
3,60,20,130.7311876,3,3,6,0,5,69
5,139,27.8,135.77741,3,8,9,0,3,77.8
13,549,42.23076923,86.22506484,11,21,24,1,3,115.7307692
17,595,35,75.46016208,16,22,3,0,0,48
8,255,31.875,98.11034642,5,0,16,1,3,70.875
18,841,46.72222222,105.127013,1,31,36,0,0,96.72222222
17,807,47.47058824,99.40850525,17,12,19,0,5,116.4705882
8,248,31,105.5462861,1,13,11,0,7,74
6,221,36.83333333,92.45573215,3,8,5,1,0,63.83333333
2,55,27.5,98.7652408,2,3,2,1,5,55.5
12,365,30.41666667,126.4216303,5,6,5,1,4,60.41666667
8,335,41.875,98.49939872,4,6,7,0,6,56.875
12,452,37.66666667,81.62113006,11,19,16,0,7,65.66666667
5,163,32.6,93.52057884,1,1,2,1,1,41.1
14,555,39.64285714,82.33734377,6,17,13,0,6,72.64285714
9,384,42.66666667,117.428273,8,0,6,0,3,82.66666667
18,548,30.44444444,92.9154035,1,9,33,1,0,65.44444444
17,633,37.23529412,134.7446316,13,32,15,1,5,94.73529412
18,499,27.72222222,89.86472725,18,13,10,0,6,111.7222222
5,222,44.4,123.038948,3,3,4,1,0,82.9
16,651,40.6875,102.4506861,2,14,32,0,4,86.6875
5,146,29.2,94.92883101,1,8,1,0,5,48.2
6,282,47,103.2764628,1,2,12,1,2,85
12,553,46.08333333,120.1804596,4,9,5,1,6,77.08333333
17,457,26.88235294,82.9698518,16,32,13,0,6,51.88235294
6,209,34.83333333,138.6116961,4,1,5,0,7,65.83333333
7,193,27.57142857,103.5618118,7,0,9,1,6,67.07142857
12,425,35.41666667,80.63022086,9,16,19,0,1,81.41666667
17,620,36.47058824,76.75651337,10,28,8,1,5,64.97058824
2,48,24,82.14883239,1,1,2,1,2,43
17,581,34.17647059,97.12652504,3,25,19,1,1,76.67647059
1,25,25,99.26060094,1,0,0,0,3,27
7,218,31.14285714,77.2428131,2,7,3,1,6,52.64285714
3,111,37,117.889677,3,5,3,0,4,79
10,224,22.4,103.3040486,5,1,17,1,1,60.4
5,165,33,122.8508301,4,10,9,0,7,93
16,521,32.5625,77.35095932,3,8,29,0,0,64.5625
17,414,24.35294118,115.1410309,15,6,17,1,2,70.85294118
19,635,33.42105263,86.57302969,3,17,1,0,4,44.42105263
7,140,20,84.56279314,5,1,6,1,0,42.5
5,164,32.8,109.6303026,4,2,0,0,7,62.8
5,140,28,111.2202755,3,6,2,1,7,56.5
9,281,31.22222222,94.13971968,4,11,4,1,1,63.72222222
8,352,44,124.585655,6,16,7,0,6,88
17,413,24.29411765,129.5707221,8,13,17,1,7,67.79411765
3,71,23.66666667,77.99530388,3,3,1,0,1,45.66666667
16,567,35.4375,99.14861359,16,7,9,0,5,108.4375
3,106,35.33333333,104.9660165,1,1,4,0,7,65.33333333
4,166,41.5,132.6725035,1,4,4,1,5,75.5
3,98,32.66666667,121.3997495,1,0,3,0,3,56.66666667
12,540,45,116.8790174,5,5,5,1,3,74
18,433,24.05555556,89.37722084,6,33,28,1,6,66.05555556
4,148,37,84.73218414,4,8,2,0,6,74
3,136,45.33333333,108.1460715,3,4,2,1,1,75.83333333
8,175,21.875,140.4557075,8,11,4,1,5,77.875
9,328,36.44444444,89.37167838,3,16,18,0,7,73.44444444
5,209,41.8,79.69750007,2,9,2,0,5,63.8
4,179,44.75,135.144063,3,5,2,1,6,85.75
10,470,47,86.30320295,1,13,0,1,5,65
10,314,31.4,121.3126283,5,8,13,0,4,67.4
7,302,43.14285714,108.3475045,3,4,14,0,4,81.14285714
8,245,30.625,134.9672241,3,12,9,0,4,78.625
13,289,22.23076923,103.5309379,4,12,12,0,5,50.23076923
15,486,32.4,78.16273931,9,20,28,0,6,72.4
10,375,37.5,139.870221,7,2,2,1,5,70.5
15,316,21.06666667,102.7614629,3,5,13,1,2,58.56666667
6,137,22.83333333,113.9034155,3,8,4,1,4,54.83333333
7,183,26.14285714,93.794653,3,11,8,0,6,52.14285714
10,403,40.3,113.4898021,3,2,18,0,3,76.3
17,606,35.64705882,116.176209,9,16,20,1,6,92.14705882
4,117,29.25,97.97561182,3,8,7,0,0,78.25
15,467,31.13333333,104.1453027,7,28,0,1,7,87.63333333
6,146,24.33333333,122.3277093,2,7,8,0,5,58.33333333
4,170,42.5,103.1051131,4,2,7,0,6,86.5
6,120,20,93.95289912,6,8,1,1,5,37
9,424,47.11111111,82.85028462,1,12,5,1,5,73.61111111
4,156,39,122.2944205,2,2,8,1,6,84
4,84,21,78.81928448,2,6,8,0,3,62
9,426,47.33333333,118.203648,7,16,5,1,4,97.83333333
11,367,33.36363636,84.1040757,7,19,20,0,5,68.36363636
15,541,36.06666667,119.6988144,8,20,18,0,4,71.06666667
6,184,30.66666667,91.88315284,1,11,10,1,5,71.66666667
6,185,30.83333333,78.00916488,3,7,4,0,5,53.83333333
4,145,36.25,130.3721509,4,8,3,0,1,81.25
11,470,42.72727273,97.81851286,8,16,14,1,7,74.22727273
9,296,32.88888889,108.727995,1,17,5,0,1,69.88888889
14,282,20.14285714,121.815152,1,23,0,0,1,49.14285714
4,159,39.75,77.59038062,4,2,0,0,3,60.75
17,704,41.41176471,114.2448778,15,23,17,0,5,119.4117647
6,178,29.66666667,111.731946,5,5,4,1,1,76.66666667
2,84,42,106.3750156,2,0,1,0,1,59
6,160,26.66666667,137.6024811,4,0,12,1,6,63.66666667
8,229,28.625,122.4813834,4,9,2,1,5,59.625
5,229,45.8,128.9096441,3,6,3,0,4,73.8
20,852,42.6,94.01471177,3,28,12,0,2,71.6
18,493,27.38888889,103.6263971,5,7,16,0,3,63.38888889
8,231,28.875,101.7579465,8,0,13,0,6,62.875
19,602,31.68421053,80.48076086,19,34,5,0,2,88.68421053
7,189,27,89.97489985,6,3,4,1,6,39.5
17,717,42.17647059,130.6848746,14,21,20,0,2,131.1764706
6,154,25.66666667,108.3517053,1,1,6,0,6,48.66666667
2,67,33.5,88.4388797,2,0,1,0,3,38.5
3,93,31,120.0686922,3,6,0,0,7,61
11,294,26.72727273,133.1352862,6,1,14,1,2,78.22727273
9,193,21.44444444,133.66378,8,14,10,1,6,69.94444444
18,434,24.11111111,113.5150519,4,25,13,1,6,71.11111111
11,511,46.45454545,86.41857048,8,13,18,1,1,102.9545455
6,137,22.83333333,96.79744662,1,2,5,1,0,37.83333333
2,50,25,75.95266073,2,3,0,0,0,40
15,353,23.53333333,128.5900975,7,25,20,1,2,98.03333333
3,120,40,103.5416509,2,4,0,0,3,65
8,284,35.5,88.73123487,4,8,12,1,2,72.5
1,41,41,110.1875587,1,2,2,0,4,91
13,565,43.46153846,98.48494088,11,23,1,0,3,104.4615385
16,414,25.875,129.7614283,5,31,30,1,0,90.875
14,651,46.5,100.9359888,2,3,15,1,2,75.5
13,444,34.15384615,119.6165864,3,3,2,1,2,65.65384615
16,616,38.5,130.0593405,14,18,5,0,0,76.5
16,380,23.75,139.0749716,5,30,22,0,1,84.75
5,136,27.2,113.1698627,1,8,1,0,7,56.2
9,368,40.88888889,90.34789496,3,6,18,1,1,77.38888889
9,405,45,123.8275226,6,10,2,0,6,92
10,275,27.5,104.7129969,8,11,8,1,0,93.5
14,400,28.57142857,126.9325735,6,17,16,0,7,61.57142857
18,624,34.66666667,135.5810816,10,32,14,1,6,117.6666667
13,566,43.53846154,95.33425942,11,17,14,1,5,117.0384615
20,927,46.35,102.1868703,9,32,38,1,4,128.35
16,745,46.5625,93.58711422,5,29,24,0,7,89.5625
8,343,42.875,126.0132024,2,12,4,0,5,72.875
10,280,28,138.3396075,5,2,13,1,4,78
12,384,32,108.5341436,7,16,13,0,1,93
8,302,37.75,140.6387388,1,8,9,1,6,73.75
11,498,45.27272727,84.49758592,5,19,10,0,5,91.27272727
18,576,32,97.24266906,14,22,5,0,0,74
11,248,22.54545455,88.55437557,10,8,3,1,1,37.04545455
5,222,44.4,108.3901434,4,5,3,1,0,88.9
20,539,26.95,84.59716889,12,38,7,1,0,106.95
5,200,40,87.70480206,1,0,1,0,2,45
8,365,45.625,126.0544164,6,15,0,0,2,97.625
2,72,36,115.5040715,2,4,0,1,2,73
4,135,33.75,92.7897995,3,3,0,1,4,54.75
14,403,28.78571429,116.7087878,1,25,24,1,4,82.78571429
13,500,38.46153846,135.7553677,2,5,10,0,6,60.46153846
13,423,32.53846154,136.7945133,4,5,6,0,6,53.53846154
10,472,47.2,87.17700439,8,15,9,0,2,95.2
2,88,44,77.29912845,2,0,1,0,5,57
11,344,31.27272727,90.90111864,1,13,13,1,7,60.77272727
15,350,23.33333333,139.6255792,9,19,30,1,6,81.83333333
9,303,33.66666667,137.3323356,6,15,10,0,5,88.66666667
19,396,20.84210526,130.8102428,3,6,38,1,6,75.34210526
15,423,28.2,99.63606563,11,3,24,0,1,79.2
11,403,36.63636364,111.7363237,3,21,2,1,2,72.13636364
5,214,42.8,82.71727725,2,8,10,1,4,87.3
5,224,44.8,121.2458099,1,9,9,0,3,94.8
14,519,37.07142857,132.2999225,5,12,2,0,2,71.07142857
9,399,44.33333333,117.2734728,8,1,2,0,4,65.33333333
17,782,46,76.35411733,13,0,27,1,3,121.5
16,597,37.3125,114.2584464,14,12,0,0,7,110.3125
18,810,45,119.5631545,14,23,26,0,6,81
20,880,44,81.16261825,12,19,22,1,1,110
1,35,35,123.9092495,1,0,0,1,2,48.5
19,835,43.94736842,123.8051945,17,0,31,0,0,69.94736842
15,688,45.86666667,134.3660445,8,5,27,0,7,92.86666667
3,60,20,106.4259357,2,6,2,1,5,61.5
4,151,37.75,129.5956474,3,7,8,1,7,86.75
1,20,20,95.80032128,1,0,2,0,1,43
6,184,30.66666667,138.9336139,5,12,7,0,4,86.66666667
17,545,32.05882353,112.0794524,16,13,8,1,2,77.55882353
4,86,21.5,94.72493987,1,5,4,1,1,46.5
17,472,27.76470588,105.8990895,17,32,11,0,5,61.76470588
5,121,24.2,89.5324133,2,4,2,1,6,46.7
17,348,20.47058824,92.20852044,8,8,30,1,4,73.97058824
13,275,21.15384615,118.5418836,9,16,22,0,7,86.15384615
11,317,28.81818182,130.5058465,11,18,2,1,3,61.31818182
18,500,27.77777778,123.1455218,9,31,4,0,2,92.77777778
4,117,29.25,125.7426826,2,6,2,1,2,63.25
6,154,25.66666667,82.98354969,2,5,2,1,3,41.66666667
2,85,42.5,78.62762145,1,3,2,0,3,71.5
20,603,30.15,78.02824726,12,4,36,1,4,84.15
15,462,30.8,83.64593251,1,23,11,0,5,55.8
11,409,37.18181818,76.64439393,10,3,4,1,6,87.68181818
10,407,40.7,84.01963937,9,18,8,1,3,80.7
9,337,37.44444444,115.5265525,1,0,14,0,1,66.44444444
7,308,44,98.80571798,2,5,2,0,6,55
13,603,46.38461538,88.86639871,13,20,5,1,5,70.88461538
11,365,33.18181818,100.3909377,2,12,19,1,7,81.68181818
8,319,39.875,86.945319,4,6,8,1,4,72.875
4,94,23.5,95.32878845,1,4,6,1,0,51.5
20,785,39.25,98.32716726,7,16,32,0,4,77.25
19,505,26.57894737,101.0275108,18,14,36,1,5,89.07894737
6,158,26.33333333,111.8849798,6,5,2,0,4,59.33333333
18,403,22.38888889,111.4555798,13,23,30,0,7,60.38888889
5,157,31.4,138.9053386,2,0,8,0,5,65.4
13,389,29.92307692,76.48397689,10,7,16,0,5,86.92307692
15,471,31.4,121.8208791,2,10,19,1,5,70.9
19,439,23.10526316,112.7103368,18,12,18,0,4,48.10526316
20,905,45.25,125.0446328,1,1,5,1,5,67.25
17,787,46.29411765,78.58378965,14,23,23,0,2,86.29411765
11,520,47.27272727,133.3228794,7,13,11,1,0,83.77272727
1,41,41,96.43788498,1,1,1,1,5,61.5
11,394,35.81818182,117.2460401,1,19,4,1,6,72.31818182
11,394,35.81818182,80.13724717,1,18,13,1,0,71.31818182
10,281,28.1,104.8981461,6,10,12,1,4,77.1
18,783,43.5,104.4490187,18,12,19,0,5,87.5
5,138,27.6,116.2207757,4,9,10,0,0,75.6
14,364,26,109.0636335,11,5,12,1,3,87
16,719,44.9375,140.5932962,2,10,31,1,0,89.9375
10,459,45.9,114.3904175,5,9,12,0,7,91.9
4,171,42.75,87.32315686,2,1,4,0,0,62.75
8,289,36.125,90.06312775,2,7,11,1,5,63.125
19,583,30.68421053,111.6647006,11,10,6,1,4,69.18421053
2,85,42.5,80.3740005,2,2,4,0,1,80.5
12,488,40.66666667,116.72646,1,7,18,0,0,73.66666667
11,356,32.36363636,121.1179866,1,15,18,1,4,76.86363636
13,579,44.53846154,115.3870943,9,8,12,1,5,76.03846154
17,535,31.47058824,93.27246871,12,25,31,0,1,63.47058824
15,672,44.8,90.6775655,10,25,20,1,7,101.3
5,200,40,120.7112479,1,10,4,1,7,82.5
15,654,43.6,87.44862262,3,17,30,1,5,82.1
3,89,29.66666667,106.8830539,1,6,6,1,4,83.16666667
10,438,43.8,101.4948928,4,6,19,0,6,90.8
1,37,37,77.85425814,1,0,1,0,1,47
8,380,47.5,112.2287646,1,10,8,1,6,85.5
11,499,45.36363636,127.6775491,9,5,13,0,5,79.36363636
10,477,47.7,93.38648425,1,16,8,0,5,71.7
6,214,35.66666667,104.7633361,5,4,7,0,6,72.66666667
11,461,41.90909091,83.41104117,4,2,6,0,7,51.90909091
7,303,43.28571429,108.0382705,1,14,13,1,2,98.78571429
19,452,23.78947368,107.8048304,4,30,2,1,0,63.28947368
20,643,32.15,137.2625305,16,18,35,0,2,132.15
8,335,41.875,87.78098254,5,8,5,0,7,57.875
9,214,23.77777778,89.04706466,6,17,3,1,5,67.27777778
15,659,43.93333333,113.5831577,7,19,6,1,4,84.43333333
6,271,45.16666667,136.0596007,4,12,8,1,0,99.16666667
13,621,47.76923077,77.40767266,13,10,26,0,2,87.76923077
16,751,46.9375,112.9614046,14,17,4,0,0,96.9375
16,435,27.1875,110.5547986,16,3,17,1,2,56.1875
5,193,38.6,102.5638759,1,1,5,0,5,62.6
16,698,43.625,131.3971437,14,3,19,1,4,115.625
20,416,20.8,76.70422938,16,10,37,1,2,117.8
14,664,47.42857143,79.67894905,1,9,6,0,0,61.42857143
3,94,31.33333333,112.1185274,3,5,3,1,2,68.83333333
9,390,43.33333333,92.53910869,6,16,2,1,3,78.83333333
10,419,41.9,91.83570259,9,19,17,1,5,118.9
18,623,34.61111111,133.4157747,3,25,19,0,6,73.61111111
18,366,20.33333333,91.84111807,14,18,13,0,0,51.33333333
5,178,35.6,78.71407583,3,1,2,1,7,50.1
9,375,41.66666667,119.1926978,9,16,7,0,1,93.66666667
6,135,22.5,138.7927542,3,4,10,1,5,57.5
7,267,38.14285714,138.1351764,5,11,1,0,5,79.14285714
19,638,33.57894737,90.94676727,8,33,14,0,6,89.57894737
17,728,42.82352941,140.5787941,15,8,32,1,2,128.3235294
14,385,27.5,121.9740001,9,24,11,1,6,68.5
8,290,36.25,75.77411263,6,4,5,0,5,65.25
18,628,34.88888889,127.0229309,13,34,31,1,4,127.8888889
5,200,40,138.0067095,4,5,1,1,0,76.5
13,315,24.23076923,134.8008692,9,10,4,0,0,80.23076923
11,479,43.54545455,109.1173125,2,7,13,0,2,76.54545455
7,219,31.28571429,106.1185482,5,14,8,1,2,85.78571429
7,172,24.57142857,75.67464631,1,8,3,0,5,43.57142857
5,125,25,135.6762833,1,8,3,1,6,59.5
16,365,22.8125,95.34209534,14,28,1,1,7,61.8125
3,85,28.33333333,135.6898376,1,0,6,1,7,61.83333333
5,147,29.4,121.4465972,1,3,2,0,3,50.4
4,156,39,111.4823219,4,2,1,0,0,68
18,852,47.33333333,130.2298627,8,5,30,0,2,91.33333333
12,333,27.75,80.95210801,9,7,19,1,1,80.75
15,561,37.4,99.6802213,13,12,8,0,1,63.4
6,210,35,105.1610293,4,6,5,0,6,79
6,138,23,79.65546479,5,8,5,1,4,67
17,667,39.23529412,118.0786957,17,27,24,0,0,129.2352941
13,495,38.07692308,92.5202523,2,25,13,1,4,77.57692308
1,23,23,138.2409987,1,0,1,0,6,46
4,166,41.5,100.4065943,1,7,3,0,3,78.5
1,20,20,78.33902404,1,2,1,0,4,51
14,395,28.21428571,78.97549392,4,3,22,1,3,52.21428571
14,530,37.85714286,140.8290897,12,11,19,1,4,86.85714286
6,228,38,93.3249506,5,0,10,1,0,72
7,220,31.42857143,113.1944371,3,2,7,0,5,65.42857143
5,154,30.8,127.6022759,5,1,1,1,0,57.3
9,207,23,92.2277367,7,7,9,0,4,68
17,513,30.17647059,103.3111278,5,30,5,1,3,72.67647059
18,504,28,97.32752573,18,14,22,0,1,65
16,746,46.625,104.0287363,4,20,11,0,6,78.625
14,340,24.28571429,129.6291769,11,13,5,1,2,64.28571429
11,238,21.63636364,116.5972243,3,17,7,0,0,58.63636364
12,519,43.25,131.3257176,5,24,7,1,7,99.25
5,177,35.4,76.52121053,5,9,1,1,4,67.9
1,43,43,116.7156574,1,0,2,0,3,76
16,720,45,135.9425784,8,25,12,1,5,101
3,84,28,112.7074845,3,6,2,1,5,68.5
16,666,41.625,137.3519393,5,12,30,1,1,99.625
13,584,44.92307692,138.8586627,12,18,3,1,0,100.4230769
7,190,27.14285714,85.44689524,2,1,10,0,2,50.14285714
18,686,38.11111111,91.34766683,18,19,17,0,2,129.1111111
13,456,35.07692308,110.4898887,11,6,9,0,4,88.07692308
11,422,38.36363636,110.105384,9,4,6,0,3,74.36363636
9,202,22.44444444,136.4908736,2,17,12,1,3,67.94444444
11,291,26.45454545,118.2799776,11,21,3,0,7,57.45454545
17,576,33.88235294,116.5079357,13,6,0,0,2,59.88235294
18,587,32.61111111,121.0969922,18,24,19,0,6,83.61111111
14,512,36.57142857,80.33575492,14,3,28,1,6,65.57142857
2,94,47,129.4706634,2,0,1,1,5,65
9,385,42.77777778,113.2486631,3,13,15,0,5,82.77777778
17,354,20.82352941,118.8609224,13,14,6,0,5,67.82352941
6,122,20.33333333,135.5921646,4,6,4,0,5,62.33333333
8,290,36.25,135.0105713,2,8,16,0,0,84.25
3,71,23.66666667,89.62289937,1,6,1,1,2,51.16666667
11,315,28.63636364,115.9034865,5,6,2,0,4,64.63636364
3,83,27.66666667,99.87721426,1,5,2,0,4,50.66666667
17,523,30.76470588,98.17672394,1,1,19,0,4,41.76470588
9,197,21.88888889,137.6090939,8,17,4,1,5,66.38888889
20,596,29.8,131.3367748,1,5,13,0,6,47.8
15,662,44.13333333,95.15578019,1,26,30,0,2,85.13333333
7,254,36.28571429,96.2181853,3,10,7,1,7,63.78571429
19,784,41.26315789,88.73037791,15,11,8,0,4,95.26315789
9,246,27.33333333,114.8667877,4,16,8,1,6,82.83333333
14,405,28.92857143,85.43524196,1,2,0,1,7,38.92857143
3,120,40,128.6079083,3,6,4,1,3,84.5
15,585,39,86.80990869,13,5,24,0,4,110
8,345,43.125,99.22040738,6,16,7,1,5,99.125
16,455,28.4375,89.93088073,14,2,29,0,0,75.4375
8,361,45.125,77.13038736,8,0,8,0,5,71.125
16,591,36.9375,93.07411894,10,9,0,0,4,41.9375
6,201,33.5,100.1918162,2,3,7,1,4,66.5
20,608,30.4,139.2058453,20,34,4,0,3,119.4
17,348,20.47058824,133.6011725,5,9,29,1,7,80.97058824
19,413,21.73684211,117.3824922,1,23,16,0,4,54.73684211
3,121,40.33333333,116.2766571,2,3,3,1,4,79.83333333
9,277,30.77777778,132.4063448,5,16,7,1,4,79.27777778
13,603,46.38461538,137.8986819,13,10,13,1,5,92.88461538
15,300,20,99.84641445,12,4,9,0,6,40
10,214,21.4,75.45812892,7,2,10,0,2,40.4
20,838,41.9,106.1736622,2,8,14,1,7,80.9
17,630,37.05882353,76.95508632,4,5,11,1,1,57.55882353
18,771,42.83333333,101.7296636,6,2,28,1,3,77.83333333
4,134,33.5,98.04888138,4,5,0,1,1,51.5
13,563,43.30769231,120.3144834,6,10,6,0,4,70.30769231
8,365,45.625,117.3511839,4,8,10,0,4,89.625
2,80,40,81.5880024,1,3,2,0,6,65
13,288,22.15384615,92.2169966,1,3,18,0,0,41.15384615
7,207,29.57142857,97.5330752,4,14,3,0,5,61.57142857
6,171,28.5,128.6833186,4,3,5,0,3,63.5
3,75,25,86.74084245,1,1,6,1,4,49.5
4,138,34.5,133.0708482,3,6,7,0,1,79.5
12,471,39.25,84.4221382,10,17,7,1,1,64.25
15,576,38.4,89.26998355,7,8,7,0,1,54.4
20,520,26,93.47810625,18,14,24,1,3,127
9,203,22.55555556,117.6709482,2,1,15,0,6,49.55555556
16,486,30.375,94.90272411,9,14,26,1,7,62.375
10,306,30.6,135.5556947,3,7,10,0,0,60.6
3,137,45.66666667,79.6052088,3,5,4,0,5,83.66666667
19,744,39.15789474,135.0372832,19,10,32,0,2,89.15789474
7,143,20.42857143,92.57436738,1,0,11,0,5,35.42857143
17,383,22.52941176,136.5792567,9,8,25,0,2,50.52941176
17,529,31.11764706,86.50466905,2,12,32,0,2,62.11764706
12,401,33.41666667,78.12877573,1,13,15,1,4,64.41666667
11,284,25.81818182,120.0966424,2,6,2,0,7,43.81818182
5,223,44.6,105.6093418,3,8,6,0,1,88.6
2,69,34.5,106.6109484,2,0,2,1,6,55.5
14,433,30.92857143,130.6882251,14,13,26,0,0,123.9285714
12,399,33.25,81.54601061,7,14,9,0,6,65.25
13,402,30.92307692,85.47255592,4,3,0,1,6,47.42307692
20,726,36.3,92.24875621,13,30,27,0,2,64.3
10,343,34.3,100.9661567,1,4,3,0,7,52.3
4,144,36,93.38707967,2,2,0,1,6,45
10,430,43,123.3446875,3,18,18,1,6,100
7,190,27.14285714,75.73791578,4,2,9,1,4,60.64285714
12,249,20.75,133.9660827,1,11,6,0,7,48.75
12,276,23,131.7655787,8,24,22,1,4,77
9,299,33.22222222,87.13921908,4,14,1,0,6,53.22222222
16,625,39.0625,138.7539376,9,25,14,0,6,99.0625
2,52,26,102.5500508,2,3,4,1,0,74
13,346,26.61538462,79.18386366,4,10,0,1,1,44.11538462
13,408,31.38461538,80.82483214,4,12,15,1,0,69.88461538
2,67,33.5,89.80678056,2,4,3,1,0,71.5
17,700,41.17647059,131.1979876,12,4,26,1,3,88.67647059
1,26,26,96.15263519,1,2,2,1,4,67.5
6,212,35.33333333,83.21159021,4,6,5,0,6,53.33333333
17,750,44.11764706,76.56246222,6,11,27,1,5,85.61764706
4,82,20.5,77.80235995,1,7,8,1,6,62.5
6,190,31.66666667,131.9532726,2,5,6,1,5,66.66666667
2,47,23.5,119.9074912,1,1,1,0,0,47.5
12,415,34.58333333,137.3450629,4,13,12,1,4,70.58333333
6,240,40,137.9085389,2,6,3,0,5,67
3,83,27.66666667,122.7259738,1,4,0,0,0,50.66666667
14,315,22.5,120.2458375,5,23,10,0,3,65.5
9,353,39.22222222,131.3404454,9,13,10,1,6,96.72222222
7,154,22,120.5907852,2,12,3,0,1,57
15,359,23.93333333,78.01814906,8,29,30,0,6,70.93333333
4,133,33.25,105.2574683,4,2,4,0,7,58.25
1,22,22,138.4198727,1,0,0,1,6,34.5
11,258,23.45454545,108.0166449,4,16,18,0,5,63.45454545
3,80,26.66666667,132.6244871,3,2,2,1,1,56.16666667
16,484,30.25,117.6423531,10,13,1,0,1,58.25
14,630,45,123.1357007,13,19,0,0,0,94
5,170,34,118.9677452,2,8,3,0,7,66
18,480,26.66666667,79.96610823,15,34,5,1,4,70.66666667
19,713,37.52631579,93.68571818,14,13,28,1,3,95.02631579
10,329,32.9,137.8912295,4,16,15,1,2,82.9
7,184,26.28571429,106.6720672,5,13,10,0,2,78.28571429
15,412,27.46666667,136.1663535,14,5,1,1,5,89.96666667
8,226,28.25,109.225653,1,6,3,0,1,50.25
13,322,24.76923077,140.0838974,4,3,7,1,5,52.26923077
13,598,46,81.25073255,13,3,16,0,4,86
2,89,44.5,119.3623294,1,0,3,0,4,73.5
10,361,36.1,88.68151938,1,18,11,0,6,68.1
11,396,36,117.2972096,6,21,22,1,6,96.5
6,230,38.33333333,87.41610647,2,10,12,1,2,77.33333333
8,281,35.125,101.8428029,3,16,7,1,6,77.125
6,157,26.16666667,139.6621341,4,8,7,1,6,67.16666667
10,361,36.1,135.3298869,10,14,11,1,7,116.1
11,418,38,127.2216653,1,21,10,1,0,84.5
2,82,41,140.4980616,1,0,4,0,1,72
4,81,20.25,111.1941148,2,5,5,1,1,56.25
11,471,42.81818182,131.4415791,2,16,11,0,0,76.81818182
20,557,27.85,86.8257871,1,7,15,1,6,48.85
13,610,46.92307692,140.1888884,12,18,1,0,3,105.9230769
1,29,29,84.25859076,1,1,1,0,5,49
20,842,42.1,106.5383506,6,8,6,1,6,75.1
19,680,35.78947368,90.62133234,4,25,17,1,1,70.28947368
2,51,25.5,76.00218157,2,1,4,1,0,51.5
1,28,28,108.5720225,1,2,0,1,7,62.5
19,494,26,128.1552826,8,36,30,0,2,101
2,42,21,136.0549102,1,3,0,0,3,50
2,42,21,114.2319746,2,0,4,0,1,57
4,160,40,75.29376566,2,8,0,0,0,66
16,635,39.6875,107.0748401,13,5,5,1,1,89.6875
4,135,33.75,116.1330788,2,1,0,0,6,49.75
1,27,27,94.87698379,1,0,0,1,5,28.5
9,298,33.11111111,139.7145117,9,0,4,1,6,51.61111111
5,226,45.2,84.94604354,1,10,1,1,3,72.7
4,177,44.25,129.1759224,4,7,5,0,7,99.25
5,103,20.6,95.43054177,2,10,7,1,4,61.1
7,162,23.14285714,138.2555085,4,11,12,1,0,84.64285714
17,502,29.52941176,87.66298107,1,17,18,1,6,61.02941176
1,21,21,77.78582055,1,0,1,0,4,32
14,565,40.35714286,94.96683645,7,5,13,0,6,59.35714286
11,275,25,91.44194833,1,12,19,0,6,52
10,248,24.8,83.66458608,9,7,7,1,2,79.8
10,228,22.8,119.8646091,8,15,4,1,7,64.8
17,774,45.52941176,138.1692715,7,32,1,0,2,73.52941176
17,453,26.64705882,133.0546834,6,1,26,1,2,66.14705882
4,136,34,140.9959847,1,7,7,0,7,78
4,181,45.25,110.5274828,2,4,5,1,2,79.25
6,282,47,81.30914985,5,2,5,0,6,78
5,238,47.6,88.95404114,5,7,1,0,3,68.6
18,765,42.5,108.9589486,4,15,13,1,0,80.5
14,518,37,89.17416045,5,7,8,0,3,57
8,177,22.125,122.6191198,7,3,12,1,6,68.125
12,337,28.08333333,115.1777699,12,4,0,1,6,71.08333333
6,171,28.5,81.27060771,1,1,4,1,0,38.5
7,256,36.57142857,87.73845042,3,0,11,0,1,63.57142857
13,513,39.46153846,102.9438816,2,1,1,0,1,51.46153846
19,791,41.63157895,134.2394799,16,27,11,1,7,112.1315789
8,352,44,89.29061369,7,10,9,0,5,81
13,442,34,133.2933171,8,18,4,1,5,82.5
12,388,32.33333333,95.13593151,7,16,21,0,5,62.33333333
7,253,36.14285714,104.3046363,5,9,7,1,0,71.64285714
10,388,38.8,123.3002174,5,0,10,0,3,68.8
8,359,44.875,94.05158699,6,7,5,0,4,82.875
7,191,27.28571429,124.9122074,1,7,13,0,6,69.28571429
1,42,42,77.1741278,1,1,0,1,0,52.5
20,813,40.65,107.3903919,9,39,37,1,0,133.65
11,338,30.72727273,110.2382609,3,1,2,0,5,50.72727273
2,83,41.5,115.9137168,2,4,0,1,7,80.5
2,50,25,98.60166672,1,2,2,1,2,49
13,415,31.92307692,137.3763522,7,23,21,1,0,109.4230769
2,69,34.5,133.389331,2,1,4,0,1,73.5
15,651,43.4,111.6045976,2,7,24,0,2,77.4
1,35,35,84.50953134,1,0,1,0,1,45
11,488,44.36363636,127.3179374,9,9,4,1,5,106.8636364
1,45,45,125.7524668,1,1,2,0,1,89
12,245,20.41666667,75.20943054,7,4,1,0,2,30.41666667
13,355,27.30769231,134.00027,7,4,21,1,1,83.80769231
14,528,37.71428571,109.4232108,2,16,1,0,4,64.71428571
19,832,43.78947368,107.5712107,18,5,22,1,3,130.2894737
19,693,36.47368421,129.3964585,12,25,30,0,5,110.4736842
20,564,28.2,90.32229272,10,39,33,1,7,73.2
5,134,26.8,90.19541505,5,2,1,1,6,50.3
8,370,46.25,122.2442946,3,12,8,1,5,94.25
3,127,42.33333333,130.4562103,1,1,6,1,0,79.83333333
19,565,29.73684211,98.77236354,4,4,38,1,6,69.23684211
16,644,40.25,140.8215312,5,2,4,0,7,58.25
14,364,26,94.23072951,12,7,3,0,5,81
14,400,28.57142857,104.5844927,13,10,8,1,6,109.5714286
15,508,33.86666667,79.44086447,6,25,11,0,0,80.86666667
18,688,38.22222222,115.2874623,5,14,2,0,4,76.22222222
17,592,34.82352941,137.8606289,8,32,23,1,1,116.3235294
2,77,38.5,83.01400733,1,3,0,0,4,55.5
5,175,35,120.3897399,5,9,9,1,7,98.5
12,348,29,87.01808444,4,17,17,1,5,75
3,137,45.66666667,78.10404032,2,6,6,1,2,95.16666667
19,545,28.68421053,126.4655462,19,12,31,1,5,146.1842105
17,409,24.05882353,135.4263183,5,29,30,0,7,78.05882353
11,345,31.36363636,112.1583508,2,6,8,0,4,55.36363636
9,348,38.66666667,127.9875081,9,12,5,1,7,71.16666667
7,147,21,107.8841977,7,8,8,1,6,70.5
18,788,43.77777778,119.8788052,3,15,8,1,7,86.77777778
1,31,31,134.3364333,1,2,1,0,0,73
4,172,43,89.19973672,2,3,5,1,3,70
16,507,31.6875,75.31545197,2,30,22,0,4,70.6875
18,640,35.55555556,140.830487,12,30,13,1,6,89.55555556
19,482,25.36842105,140.9924222,13,21,9,1,3,98.86842105
18,856,47.55555556,137.7893721,10,25,23,1,3,131.5555556
8,193,24.125,75.80886116,5,0,3,1,2,36.125
20,447,22.35,75.33542713,6,27,17,0,7,49.35
6,251,41.83333333,88.41999184,5,0,2,1,4,47.83333333
5,121,24.2,75.43985184,1,9,9,1,2,66.7
10,421,42.1,132.2887297,1,3,16,1,4,76.1
1,31,31,92.1584003,1,0,2,0,5,55
18,418,23.22222222,120.9565924,16,32,16,1,3,99.22222222
4,97,24.25,100.6222215,1,1,5,1,3,51.25
2,86,43,121.1853862,2,1,3,0,0,79
7,154,22,96.0477765,6,8,13,1,4,60.5
10,467,46.7,77.62557191,8,12,1,0,7,59.7
10,263,26.3,93.70489326,2,13,12,1,7,62.3
16,601,37.5625,135.7296368,2,6,6,0,7,61.5625
10,458,45.8,121.3529661,5,6,14,1,1,80.8
5,145,29,76.01383308,2,10,5,1,0,61.5
12,378,31.5,138.9219775,7,13,4,0,0,54.5
11,423,38.45454545,102.5382607,10,17,21,1,0,117.9545455
6,189,31.5,98.21411038,2,3,8,0,6,49.5
11,233,21.18181818,136.2400038,1,19,11,0,1,58.18181818
14,598,42.71428571,129.3695266,11,0,17,0,0,86.71428571
10,305,30.5,133.554557,9,10,18,1,1,100.5
4,91,22.75,81.95641437,1,5,3,0,0,43.75
19,776,40.84210526,90.10701383,15,9,37,0,3,93.84210526
6,261,43.5,97.37942961,6,11,1,1,0,77.5
12,477,39.75,83.43506557,4,24,16,1,2,94.75
2,79,39.5,131.657155,2,2,2,0,4,73.5
7,181,25.85714286,97.93629036,3,1,13,0,5,47.85714286
7,321,45.85714286,78.51873588,7,11,8,0,7,92.85714286
4,191,47.75,91.29302255,2,2,5,1,3,66.75
6,251,41.83333333,119.9075022,2,2,9,0,7,71.83333333
16,752,47,117.5485181,14,23,22,1,4,148
19,709,37.31578947,95.5885042,3,4,19,1,5,64.81578947
15,620,41.33333333,117.1292371,5,20,15,1,0,86.83333333
5,133,26.6,93.59897424,4,0,2,1,6,45.1
13,289,22.23076923,104.4832737,1,18,14,0,6,59.23076923
4,129,32.25,119.6021103,3,4,2,0,4,69.25
13,505,38.84615385,134.0119841,6,26,19,0,0,94.84615385
7,206,29.42857143,85.2878933,1,11,5,0,3,52.42857143
15,352,23.46666667,138.4995758,8,20,6,0,3,82.46666667
10,363,36.3,92.62019502,6,6,14,0,2,74.3
10,207,20.7,137.5494812,7,17,14,1,5,73.7
3,96,32,109.1979041,2,1,5,1,3,64.5
14,301,21.5,97.12298214,8,3,1,0,5,47.5
18,518,28.77777778,120.7463293,10,0,35,0,5,57.77777778
10,203,20.3,140.7957072,2,11,20,1,7,74.3
13,514,39.53846154,110.2800978,3,11,10,1,7,83.03846154
11,502,45.63636364,99.7615098,4,5,9,0,5,69.63636364
18,633,35.16666667,140.6312693,14,33,23,1,4,84.16666667
12,406,33.83333333,79.78168617,10,15,3,0,1,47.83333333
14,662,47.28571429,83.83796334,12,24,3,1,0,121.2857143
3,98,32.66666667,78.67042427,2,6,2,0,7,64.66666667
2,50,25,93.12990879,2,1,0,0,6,38
2,73,36.5,88.37424931,2,4,2,0,1,66.5
9,359,39.88888889,115.2392154,9,14,10,0,3,84.88888889
4,166,41.5,137.706366,2,8,4,1,2,83.5
3,96,32,134.5566982,3,2,2,0,6,63
19,735,38.68421053,101.7774535,13,6,28,1,1,127.1842105
18,796,44.22222222,92.11777213,12,10,13,1,5,89.22222222
5,143,28.6,81.23165178,4,10,3,0,0,62.6
20,671,33.55,98.08862471,16,12,36,0,2,57.55
11,486,44.18181818,118.4518586,1,20,16,0,3,89.18181818
18,423,23.5,88.85776444,8,28,34,0,7,64.5
9,303,33.66666667,76.29298533,5,16,11,0,6,62.66666667
12,498,41.5,75.30131961,10,1,8,1,6,63.5
20,436,21.8,91.45363258,1,0,1,1,4,33.8
5,153,30.6,85.13185623,3,6,4,0,3,62.6
8,338,42.25,83.28880203,7,0,5,1,0,52.25
11,341,31,137.1593638,7,14,9,1,1,66.5
1,39,39,113.4329095,1,0,2,0,5,72
9,194,21.55555556,115.9512624,3,15,18,1,3,81.05555556
14,292,20.85714286,90.59036096,13,3,4,0,1,76.85714286
9,204,22.66666667,115.6874036,6,5,6,0,4,67.66666667
4,111,27.75,135.5417859,1,5,1,0,2,52.75
15,400,26.66666667,97.50090653,1,27,3,0,1,46.66666667
16,575,35.9375,98.60084604,6,23,6,0,6,58.9375
13,328,25.23076923,130.1733845,12,14,2,1,0,76.73076923
20,599,29.95,97.88489562,16,35,17,0,0,118.95
20,875,43.75,105.5127788,16,14,23,1,1,81.75
19,855,45,107.5163159,18,1,14,0,2,98
18,442,24.55555556,80.13307303,14,17,25,0,4,88.55555556
13,526,40.46153846,102.3342911,11,25,12,1,0,117.9615385
17,647,38.05882353,96.52319668,6,1,18,1,7,68.55882353
15,366,24.4,75.61243388,6,11,30,1,3,64.9
11,358,32.54545455,86.07377295,7,6,18,0,1,53.54545455
2,42,21,131.8566299,1,1,1,1,3,44
5,107,21.4,114.17386,1,2,0,0,3,35.4
19,442,23.26315789,99.64305875,18,24,24,0,1,101.2631579
16,511,31.9375,96.56583808,1,0,24,0,3,49.9375
16,704,44,81.54879063,14,15,11,1,3,81
4,147,36.75,134.2375474,3,5,5,0,5,76.75
20,895,44.75,128.6676162,10,19,2,0,5,94.75
6,168,28,121.5736992,4,9,5,1,7,64
4,127,31.75,108.0071375,2,2,8,1,5,72.75
1,37,37,76.71662896,1,2,1,0,4,71
6,212,35.33333333,137.3491744,2,9,3,0,0,69.33333333
10,299,29.9,87.7132128,7,16,18,0,7,70.9
17,372,21.88235294,84.36802603,15,27,5,0,4,68.88235294
8,245,30.625,131.6310812,7,5,1,1,0,79.625
13,551,42.38461538,99.38149493,13,7,16,1,3,104.8846154
12,413,34.41666667,114.591149,8,0,8,0,3,74.41666667
3,124,41.33333333,140.8924198,1,2,3,0,3,69.33333333
10,479,47.9,93.40033389,4,17,9,1,7,94.9
17,482,28.35294118,95.17117547,11,33,16,1,3,86.85294118
5,239,47.8,131.2238679,2,1,9,1,0,82.3
9,420,46.66666667,84.03038641,3,13,3,1,0,68.16666667
8,373,46.625,87.03819929,3,16,7,0,1,80.625
19,670,35.26315789,124.0076533,10,22,28,0,0,100.2631579
19,396,20.84210526,116.9124808,6,11,15,1,2,76.34210526
18,652,36.22222222,138.9215989,18,36,27,1,5,144.2222222
12,478,39.83333333,130.3869627,5,11,10,0,0,86.83333333
15,680,45.33333333,115.2577792,13,17,28,1,1,91.83333333
12,501,41.75,85.02325235,6,18,20,1,6,84.75
20,588,29.4,81.7239021,14,22,26,1,1,105.4
20,578,28.9,119.6487984,4,24,17,0,6,58.9
6,252,42,87.22338342,1,10,3,0,4,67
18,612,34,96.12794032,10,1,13,0,5,61
10,407,40.7,112.3849617,10,18,18,0,0,106.7
1,26,26,88.36377627,1,2,2,0,2,68
20,947,47.35,136.1403101,10,27,16,1,0,98.35
13,542,41.69230769,88.95540695,6,12,11,1,5,83.19230769
11,259,23.54545455,136.8574473,7,1,11,1,2,77.04545455
17,572,33.64705882,113.8947577,3,14,5,1,0,68.14705882
12,362,30.16666667,86.80627159,4,11,18,0,4,70.16666667
12,515,42.91666667,105.2687841,11,5,10,0,0,108.9166667
6,134,22.33333333,77.56803681,1,4,2,0,6,35.33333333
14,466,33.28571429,87.70488691,4,19,24,0,0,75.28571429
5,195,39,116.1943855,3,9,8,0,4,92
10,304,30.4,83.56472067,6,9,10,0,6,73.4
15,366,24.4,101.0444585,8,25,26,0,3,99.4
7,249,35.57142857,123.0407312,2,8,14,1,5,86.07142857
9,196,21.77777778,131.6081968,9,4,2,0,5,64.77777778
5,131,26.2,94.37631673,4,1,10,0,4,52.2
2,95,47.5,103.2338647,1,0,0,1,3,61.5
8,311,38.875,103.8543527,7,16,5,0,5,102.875
3,129,43,89.31578773,3,5,5,0,7,87
13,455,35,77.77499755,2,3,8,0,1,49
19,386,20.31578947,107.3458261,17,31,15,0,5,70.31578947
19,444,23.36842105,111.5803211,3,21,38,0,2,73.36842105
11,413,37.54545455,88.21784256,1,14,13,0,5,64.54545455
12,375,31.25,122.09561,9,24,7,0,6,84.25
2,69,34.5,85.02136323,2,3,0,1,1,56.5
14,287,20.5,82.34385902,10,27,18,0,0,71.5
6,266,44.33333333,80.82367499,2,0,11,0,3,68.33333333
15,369,24.6,118.7905806,15,22,30,0,4,98.6
5,111,22.2,92.06790409,1,6,10,1,2,60.7
6,200,33.33333333,132.4326524,5,3,5,0,2,61.33333333
7,211,30.14285714,78.47747837,5,8,1,1,0,55.64285714
11,350,31.81818182,135.0438166,5,18,20,0,5,85.81818182
8,225,28.125,76.5025572,7,11,3,0,0,44.125
10,476,47.6,125.4932975,3,4,17,0,0,87.6
17,419,24.64705882,82.25783282,2,11,19,1,1,52.14705882
20,831,41.55,87.74147324,9,20,10,0,5,65.55
19,863,45.42105263,94.98691937,9,30,13,1,7,111.9210526
11,485,44.09090909,126.7280102,8,11,10,1,5,110.5909091
8,292,36.5,109.8936513,6,13,4,0,3,73.5
8,244,30.5,78.94950714,7,2,1,1,0,44.5
3,64,21.33333333,110.5221147,1,1,2,0,0,40.33333333
1,31,31,96.0590754,1,1,1,0,2,55
10,230,23,103.4191004,9,1,1,0,1,53
14,488,34.85714286,90.34511441,12,18,17,1,0,77.85714286
8,315,39.375,112.0366475,5,14,9,1,0,86.375
15,540,36,86.09241512,10,14,29,0,6,64
3,97,32.33333333,101.3310717,3,6,3,1,7,73.83333333
10,360,36,107.9856613,9,18,15,1,5,102
3,76,25.33333333,133.4033575,3,0,2,1,2,51.83333333
20,634,31.7,93.75915645,13,12,15,1,1,54.7
19,835,43.94736842,119.6714121,9,19,15,0,7,70.94736842
2,69,34.5,99.75549115,1,4,2,1,0,65.5
9,206,22.88888889,81.53975397,7,2,0,1,2,36.38888889
9,266,29.55555556,126.654833,8,0,3,1,7,63.05555556
20,955,47.75,92.34919478,19,28,9,0,0,103.75
11,454,41.27272727,119.9952774,1,2,0,0,1,53.27272727
17,529,31.11764706,90.77576962,15,7,32,1,4,91.61764706
5,142,28.4,110.1867223,4,6,6,1,6,72.9
6,143,23.83333333,89.72007711,3,1,0,0,4,30.83333333
11,324,29.45454545,89.17100416,7,7,17,0,0,71.45454545
7,180,25.71428571,84.70706423,2,3,4,1,4,42.21428571
6,124,20.66666667,91.28931346,4,6,10,0,2,50.66666667
16,596,37.25,102.0458885,4,11,6,1,0,72.25
9,345,38.33333333,126.0081896,4,13,2,1,0,80.83333333
2,76,38,82.97074491,1,2,4,1,3,72
17,519,30.52941176,128.112798,8,19,4,0,1,85.52941176
3,84,28,97.38715178,2,5,4,0,3,63
12,504,42,83.63988965,6,14,23,0,2,78
4,81,20.25,85.50072318,1,8,5,1,4,54.25
9,417,46.33333333,82.48742428,6,10,0,0,0,63.33333333
11,294,26.72727273,106.2998686,1,5,9,0,4,49.72727273
3,77,25.66666667,100.7392059,3,3,3,0,5,67.66666667
3,101,33.66666667,122.5835803,1,6,6,1,7,85.16666667
16,717,44.8125,116.9155466,13,9,27,1,6,96.8125
19,880,46.31578947,138.814391,12,0,25,1,0,126.8157895
18,767,42.61111111,87.47496329,13,16,36,1,2,131.6111111
2,87,43.5,126.6719432,1,4,0,1,0,75.5
13,552,42.46153846,80.75182236,12,8,10,1,7,73.96153846
12,367,30.58333333,82.99862675,12,1,18,0,2,93.58333333
9,227,25.22222222,88.01632449,9,12,1,0,2,57.22222222
5,165,33,113.6876934,4,6,1,0,7,65
5,150,30,97.73408997,5,0,8,1,6,68.5
20,940,47,113.354641,7,3,31,0,6,87
6,267,44.5,131.6528351,1,5,0,0,2,65.5
16,729,45.5625,121.991993,3,24,21,0,1,89.5625
2,76,38,83.82248212,1,0,4,0,4,58
6,265,44.16666667,94.25105315,1,2,4,0,7,55.16666667
17,790,46.47058824,135.0411282,12,30,13,1,7,88.97058824
2,68,34,132.6571729,1,3,1,0,4,67
9,324,36,114.0384888,9,9,0,0,5,92
16,569,35.5625,110.6305573,11,26,2,0,7,84.5625
6,192,32,116.7827401,3,6,0,0,2,61
19,422,22.21052632,94.24375784,16,19,31,0,2,80.21052632
18,727,40.38888889,79.08156879,11,15,31,1,2,74.38888889
18,823,45.72222222,108.0942828,18,0,15,1,4,126.7222222
13,271,20.84615385,105.043058,10,14,12,1,4,96.34615385
5,227,45.4,109.8547786,4,8,6,0,6,99.4
10,406,40.6,128.4068518,8,17,9,1,3,97.6
5,167,33.4,134.2120594,4,3,4,1,4,59.9
13,445,34.23076923,133.090509,8,25,6,1,0,105.7307692
14,338,24.14285714,120.6135512,4,13,4,1,6,60.14285714
16,641,40.0625,102.9476798,9,21,12,0,5,70.0625
6,180,30,139.1277162,2,5,8,1,1,68
11,440,40,135.8305235,10,0,12,1,7,85.5
18,616,34.22222222,125.734953,8,7,30,1,1,88.22222222
1,47,47,117.734108,1,0,2,0,7,77
11,300,27.27272727,122.5316607,8,17,5,1,2,93.77272727
20,662,33.1,126.641764,9,6,33,1,1,99.1
12,571,47.58333333,130.411339,12,24,16,0,5,114.5833333
